X,Y,id,name,population
-73.5698,45.5032,places.1,Montréal,1762949
-71.2084,46.8137,places.2,Québec,549459
-73.7531,45.5758,places.3,Laval,438366
-75.711,45.4278,places.4,Gatineau,291041
-73.4645,45.5219,places.5,Longueuil,254483
-71.889,45.4033,places.6,Sherbrooke,172950
-71.1779,46.8033,places.7,Lévis,149683
-71.0692,48.406,places.8,Saguenay,144723
-72.5428,46.3432,places.9,Trois-Rivières,139163
-73.6515,45.7081,places.10,Terrebonne,119944
-73.2533,45.3057,places.11,Saint-Jean-sur-Richelieu,97873
-73.4679,45.4555,places.12,Brossard,91525
-73.4528,45.7326,places.13,Repentigny,86100
-74.0033,45.778,places.14,Saint-Jérôme,80213
-72.5019,45.8864,places.15,Drummondville,79258
-72.7218,45.399,places.16,Granby,69025
-74.0732,45.6452,places.17,Mirabel,61108
-73.8762,45.6793,places.18,Blainville,59819
-72.9406,45.6275,places.19,Saint-Hyacinthe,57239
-73.6006,45.7454,places.20,Mascouche,51183
-73.7494,45.3602,places.21,Châteauguay,50815
-72.7519,46.5397,places.22,Shawinigan,49620
-68.53,48.4502,places.23,Rimouski,48935
-73.8065,45.4842,places.24,Dollard-des-Ormeaux,48403
-71.9599,46.0555,places.25,Victoriaville,47760
-73.893,45.5646,places.26,Saint-Eustache,45276
-74.0255,45.3972,places.27,Vaudreuil-Dorion,43268
-74.1317,45.2556,places.28,Salaberry-de-Valleyfield,42787
-79.0205,48.2421,places.29,Rouyn-Noranda,42313
-73.4526,45.605,places.30,Boucherville,41743
-73.1165,46.0435,places.31,Sorel-Tracy,35165
-73.6638,45.4773,places.32,Côte-Saint-Luc,34504
-73.8067,45.4567,places.33,Pointe-Claire,33488
-70.672,46.123,places.34,Saint-Georges,32935
-77.7876,48.1023,places.35,Val-d'Or,32752
-73.2937,45.4483,places.36,Chambly,31444
-71.6515,48.5489,places.37,Alma,30331
-73.3396,45.5931,places.38,Sainte-Julie,30045
-73.5705,45.3725,places.39,Saint-Constant,29954
-72.1481,45.2658,places.40,Magog,28312
-73.8386,45.613,places.41,Boisbriand,28308
-73.8362,45.6343,places.42,Sainte-Thérèse,26533
-73.4891,45.4175,places.43,La Prairie,26406
-73.3392,45.5256,places.44,Saint-Bruno-de-Montarville,26273
-71.3013,46.0913,places.45,Thetford Mines,26072
-66.3791,50.211,places.46,Sept-Îles,24569
-73.204,45.5643,places.47,Belœil,24104
-73.7587,45.8524,places.48,Saint-Lin-Laurentides,24030
-73.4222,45.8307,places.49,L'Assomption,23442
-73.5164,45.3868,places.50,Candiac,22997
-73.5103,45.5016,places.51,Saint-Lambert,22761
-74.136,45.3996,places.52,Saint-Lazare,22354
-73.442,46.024,places.53,Joliette,21384
-73.6439,45.5144,places.54,Ville de Mont-Royal,20953
-68.1801,49.2118,places.55,Baie-Comeau,20687
-69.5368,47.8358,places.56,Rivière-du-Loup,20118
-71.457,46.7434,places.57,Saint-Augustin-de-Desmaures,19907
-73.9326,45.5295,places.58,Sainte-Marthe-sur-le-Lac,19797
-73.5966,45.4857,places.59,Westmount,19658
-73.8648,45.4529,places.60,Kirkland,19413
-73.7511,45.4453,places.61,Dorval,19302
-73.8654,45.429,places.62,Beaconsfield,19277
-73.1919,45.5624,places.63,Mont-Saint-Hilaire,18859
-73.8992,45.8187,places.64,Sainte-Sophie,18080
-73.9043,45.5373,places.65,Deux-Montagnes,17915
-74.1378,45.7399,places.66,Saint-Colomban,17740
-73.5763,45.4005,places.67,Sainte-Catherine,17347
-73.2877,45.5262,places.68,Saint-Basile-le-Grand,17053
-71.3585,46.8064,places.69,L'Ancienne-Lorette,16970
-72.7479,45.2076,places.70,Cowansville,15234
-73.8189,45.7642,places.71,Sainte-Anne-des-Plaines,15221
-64.4838,48.8317,places.72,Gaspé,15063
-73.9861,45.3712,places.73,Pincourt,14751
-73.7461,45.3104,places.74,Mercier,14626
-73.2822,45.8831,places.75,Lavaltrie,14425
-75.4969,46.5524,places.76,Mont-Laurier,14180
-74.3401,45.656,places.77,Lachute,14100
-73.8052,45.6323,places.78,Rosemère,14090
-74.136,45.9519,places.79,Sainte-Adèle,14010
-67.5295,48.8469,places.80,Matane,13987
-72.2337,48.8832,places.81,Dolbeau-Mistassini,13718
-74.07,45.8599,places.82,Prévost,13692
-73.8758,45.314,places.83,Beauharnois,13638
-72.4335,46.3416,places.84,Bécancour,13561
-75.6193,45.6001,places.85,Perkins,13328
-73.2956,45.6527,places.86,Saint-Amable,13322
-71.0307,46.4504,places.87,Sainte-Marie,13134
-78.1161,48.5719,places.88,Amos,12675
-61.7806,47.4083,places.89,Les Îles-de-la-Madeleine,12190
-73.3555,45.438,places.90,Carignan,11740
-73.7108,46.0454,places.91,Rawdon,11719
-73.9528,45.3931,places.92,Ville de L'Île-Perrot,11638
-74.1581,45.8943,places.93,Saint-Sauveur,11580
-75.7823,45.5665,places.94,Cantley,11449
-73.903,45.3517,places.95,Notre-Dame-de-l'Île-Perrot,11427
-72.6463,45.3187,places.96,Bromont,11357
-73.1637,45.4314,places.97,Marieville,11332
-74.2799,46.0461,places.98,Sainte-Agathe-des-Monts,11211
-73.71,45.9624,places.99,Sainte-Julienne,11173
-72.7851,47.4411,places.100,La Tuque,11129
-71.8351,46.8891,places.101,Saint-Raymond,11108
-70.5559,46.9826,places.102,Montmagny,10999
-74.5891,46.1159,places.103,Mont-Tremblant,10992
-74.0248,45.9312,places.104,Saint-Hippolyte,10669
-73.7562,45.6713,places.105,Bois-des-Filion,10159
-72.975,45.2831,places.106,Farnham,10149
-71.6978,46.7566,places.107,Pont-Rouge,10121
-72.4487,48.6542,places.108,Saint-Félicien,10089
-72.2248,48.5148,places.109,Roberval,9840
-71.3695,46.9996,places.110,Stoneham,9682
-74.2478,45.2425,places.111,Saint-Zotique,9618
-73.7888,45.6705,places.112,Lorraine,9502
-73.2374,45.8574,places.113,Contrecœur,9480
-73.6188,45.2591,places.114,Saint-Rémi,8957
-73.4821,45.8497,places.115,L'Épiphanie,8883
-71.8035,45.1334,places.116,Coaticook,8867
-76.211,45.6854,places.117,Lac-des-Loups,8636
-72.6193,46.2273,places.118,Nicolet,8620
-73.202,45.5426,places.119,Otterburn Park,8479
-71.1945,47.0025,places.120,Sainte-Brigitte-de-Laval,8468
-71.615,46.8444,places.121,Sainte-Catherine-de-la-Jacques-Cartier,8442
-73.5413,45.3749,places.122,Delson,8328
-70.1539,47.6575,places.123,La Malbaie,8235
-71.1358,46.8968,places.124,Boischatel,8231
-71.2968,46.9444,places.125,Lac-Beauport,8164
-75.808,45.5032,places.126,Chelsea,8000
-71.5138,46.612,places.127,Saint-Apollinaire,7968
-74.302,45.4794,places.128,Rigaud,7854
-72.565,45.6482,places.129,Acton Vale,7605
-73.4783,45.3584,places.130,Saint-Philippe,7597
-64.6776,48.3492,places.131,Chandler,7490
-74.1782,45.2964,places.132,Coteau-du-Lac,7473
-71.7301,46.6765,places.133,Donnacona,7436
-70.5054,47.4443,places.134,Baie-Saint-Paul,7371
-79.201,48.8001,places.135,La Sarre,7358
-72.9475,46.2556,places.136,Louiseville,7340
-72.5658,45.3685,places.137,Canton de Shefford,7253
-74.4046,45.6765,places.138,Brownsburg,7247
-74.3831,49.9116,places.139,Chibougamau,7233
-74.0582,45.3086,places.140,Les Cèdres,7184
-71.9323,45.7766,places.141,Val-des-Sources,7088
-73.6472,45.4817,places.142,Hampstead,7037
-74.006,45.5333,places.143,Saint-Joseph-du-Lac,7031
-73.4246,46.17,places.144,Saint-Félix-de-Valois,6975
-71.2134,46.5867,places.145,Saint-Lambert-de-Lauzon,6817
-73.8494,45.9516,places.146,Saint-Calixte,6792
-73.4463,45.9843,places.147,Saint-Paul,6566
-66.8757,50.0187,places.148,Port-Cartier,6516
-71.5164,46.8872,places.149,Shannon,6432
-71.772,46.2195,places.150,Plessisville,6414
-68.1839,48.5839,places.151,Mont-Joli,6384
-71.0857,48.5333,places.152,Saint-Honoré,6376
-73.9668,45.5007,places.153,Pointe-Calumet,6281
-71.8752,46.1723,places.154,Princeville,6218
-70.7743,46.2107,places.155,Beauceville,6185
-76.2302,45.5205,places.156,Quyon,6142
-66.485,49.1263,places.157,Sainte-Anne-des-Monts,6121
-72.6573,46.4917,places.158,Notre-Dame-du-Mont-Carmel,6121
-67.4315,48.4657,places.159,Amqui,5999
-73.0041,45.4101,places.160,Saint-Césaire,5972
-73.2303,45.5492,places.161,McMasterville,5936
-72.5372,45.2177,places.162,Lac-Brome,5923
-72.9053,45.5049,places.163,Saint-Pie,5847
-71.0671,46.6921,places.164,Saint-Henri,5813
-73.3554,45.7728,places.165,Verchères,5759
-70.882,45.5773,places.166,Lac-Mégantic,5747
-73.2488,45.4439,places.167,Richelieu,5742
-73.8044,45.2461,places.168,Sainte-Martine,5664
-74.2055,45.2596,places.169,Les Coteaux,5643
-74.2066,46.0283,places.170,Val-David,5558
-73.5933,45.8561,places.171,Saint-Roch-de-l'Achigan,5453
-74.1508,45.4645,places.172,Hudson,5411
-71.6291,45.4125,places.173,Cookshire,5344
-73.8886,46.0728,places.174,Chertsey,5295
-72.0035,45.5698,places.175,Windsor,5294
-72.8287,46.5052,places.176,Saint-Boniface,5156
-73.2196,45.9593,places.177,Lanoraie,5134
-73.6442,45.4529,places.178,Montréal-Ouest,5115
-68.8853,47.6837,places.179,Cabano,5054
-73.9524,45.4039,places.180,Sainte-Anne-de-Bellevue,5027
-70.878,46.3102,places.181,Saint-Joseph-de-Beauce,5014
-72.1658,45.3127,places.182,Orford,5007
-72.5702,45.8408,places.183,Saint-Germain-de-Grantham,4922
-72.5162,45.3442,places.184,Waterloo,4920
-72.4246,45.933,places.185,Saint-Cyrille-de-Wendover,4920
-73.5349,46.2302,places.186,Saint-Jean-de-Matha,4838
-71.9907,45.9457,places.187,Warwick,4729
-74.2497,45.9024,places.188,Morin Heights,4678
-74.8705,46.4097,places.189,Rivière-Rouge,4631
-72.0806,45.458,places.190,Saint-Denis-de-Brompton,4594
-74.2219,46.3187,places.191,Saint-Donat,4561
-72.6186,45.1115,places.192,Sutton,4548
-73.2647,45.4729,places.193,Saint-Mathias-sur-Richelieu,4544
-72.7762,46.4424,places.194,Saint-Étienne-des-Grès,4539
-71.4352,46.5629,places.195,Saint-Agapit,4526
-71.5849,46.6982,places.196,Neuville,4475
-71.0177,46.9711,places.197,Château-Richer,4425
-73.4977,45.631,places.198,Montréal-Est,4394
-73.1747,46.0828,places.199,Berthierville,4386
-69.4796,47.7609,places.200,Saint-Antonin,4338
-73.5696,45.9479,places.201,Saint-Jacques,4302
-72.6601,45.4751,places.202,Roxton Pond,4224
-73.4738,45.9638,places.203,Crabtree,4155
-71.7837,48.4083,places.204,Lac-à-la-Croix,4121
-70.892,47.0439,places.205,Beaupré,4117
-73.5524,46.0783,places.206,Saint-Ambroise-de-Kildare,4090
-66.1141,48.1015,places.207,Carleton-sur-Mer,4081
-70.0351,47.3695,places.208,La Pocatière,4078
-70.9705,46.6296,places.209,Saint-Anselme,4047
-70.5082,46.3988,places.210,Lac-Etchemin,4028
-73.4042,45.1861,places.211,Napierville,4020
-74.0906,45.4613,places.212,Oka,3968
-73.9923,45.1255,places.213,Ormstown,3917
-72.0156,45.7856,places.214,Danville,3888
-71.3246,48.5575,places.215,Saint-Ambroise,3883
-74.1244,45.8616,places.216,Sainte-Anne-des-Lacs,3862
-71.0915,46.9167,places.217,L'Ange-Gardien,3842
-71.6595,45.4829,places.218,East Angus,3840
-74.3393,45.9713,places.219,Saint-Adolphe-d'Howard,3824
-70.8584,47.1178,places.220,Saint-Ferréol-les-Neiges,3806
-70.3503,47.1033,places.221,L'Islet,3803
-74.4805,46.1137,places.222,Mont-Blanc,3780
-73.9154,45.4174,places.223,Baie-d'Urfé,3764
-75.9808,46.3779,places.224,Maniwaki,3757
-73.8664,50.4179,places.225,ᒥᔅᑎᓯᓃ Mistissini,3731
-65.8656,48.1651,places.226,New Richmond,3683
-72.5647,46.7285,places.227,Saint-Tite,3672
-72.8009,45.1305,places.228,Dunham,3599
-70.4811,46.2117,places.229,Saint-Prosper,3596
-71.7751,46.6702,places.230,Cap-Santé,3594
-75.0572,45.7214,places.231,Saint-André-Avellin,3562
-69.8074,47.5266,places.232,Saint-Pascal,3530
-70.8649,46.6006,places.233,Sainte-Claire,3526
-73.5699,45.2382,places.234,Saint-Michel,3521
-73.3509,46.0138,places.235,Saint-Thomas,3496
-74.1314,45.8992,places.236,Piedmont,3476
-72.5311,46.4688,places.237,Saint-Maurice,3432
-64.4953,48.3985,places.238,Grande-Rivière,3384
-71.7655,45.4491,places.239,Ascot Corner,3368
-74.0571,46.0313,places.240,Sainte-Marguerite-du-Lac-Masson,3367
-73.3581,45.8266,places.241,Saint-Sulpice,3360
-78.1252,48.1372,places.242,Malartic,3355
-72.8088,45.3256,places.243,Saint-Alphonse-de-Granby,3341
-73.6922,46.1851,places.244,Saint-Alphonse-Rodriguez,3339
-63.6004,50.2464,places.245,Havre-Saint-Pierre,3337
-71.8853,46.6926,places.246,Portneuf,3329
-70.2692,47.2144,places.247,Saint-Jean-Port-Joli,3329
-71.0905,46.5851,places.248,Saint-Isidore,3286
-70.5234,46.0595,places.249,Saint-Côme–Linière,3278
-71.8279,45.2432,places.250,Compton,3270
-72.1412,45.663,places.251,Richmond,3259
-73.5106,46.137,places.252,Sainte-Mélanie,3250
-71.4685,46.9357,places.253,Saint-Gabriel-de-Valcartier,3223
-73.1239,45.5206,places.254,Saint-Jean-Baptiste,3179
-73.421,46.0996,places.255,Notre-Dame de Lourdes,3141
-73.1593,45.3365,places.256,Mont-Saint-Grégoire,3136
-74.1877,46.007,places.257,Val-Morin,3123
-69.1699,48.1221,places.258,Trois-Pistoles,3115
-71.9295,46.0278,places.259,Saint-Christophe-d'Arthabaska,3111
-70.4582,47.0373,places.260,Cap-Saint-Ignace,3099
-64.2136,48.5223,places.261,Percé,3095
-75.246,45.5982,places.262,Thurso,3084
-70.2262,47.6945,places.263,Clermont,3065
-74.3336,45.5637,places.264,Saint-André-d'Argenteuil,3053
-72.7601,45.6525,places.265,Saint-Liboire,3036
-65.2491,48.0294,places.266,Paspébiac,3033
-68.4242,48.477,places.267,Saint-Anaclet-de-Lessard,3019
-71.8041,45.5337,places.268,Stoke,3014
-73.1432,46.4627,places.269,Saint-Alexis-des-Monts,2999
-71.1105,48.6212,places.270,Saint-David-de-Falardeau,2996
-72.5297,48.8372,places.271,Normandin,2991
-71.0105,46.8294,places.272,Beaumont,2968
-73.2492,45.6044,places.273,Saint-Mathieu-de-Beloeil,2952
-71.3665,46.5102,places.274,Saint-Gilles,2910
-71.0763,46.0468,places.275,Saint-Méthode,2903
-71.653,48.4719,places.276,Saint-Bruno,2902
-72.0496,46.6827,places.277,Saint-Marc-des-Carrières,2901
-69.0882,48.7394,places.278,Forestville,2892
-72.9358,45.3541,places.279,Ange-Gardien,2889
-70.9253,47.0261,places.280,Sainte-Anne-de-Beaupré,2888
-72.8881,45.438,places.281,Saint-Paul-d'Abbotsford,2886
-75.3648,46.5565,places.282,Lac-des-Écorces,2885
-68.6449,47.5475,places.283,Dégelis,2884
-74.7462,45.6444,places.284,Pointe-au-Chêne,2883
-73.1214,45.5886,places.285,Sainte-Marie-Madeleine,2876
-68.3847,48.5485,places.286,Sainte-Luce-sur-Mer,2845
-72.0972,45.0107,places.287,Stanstead,2824
-72.8308,46.2824,places.288,Yamachiche,2813
-73.3818,46.292,places.289,Saint-Gabriel-de-Brandon,2803
-77.2428,48.3905,places.290,Senneterre,2782
-73.6808,45.3005,places.291,Saint-Isidore,2769
-74.7321,46.2791,places.292,Labelle,2765
-72.3358,48.5934,places.293,Saint-Prime,2760
-65.9822,48.1741,places.294,Maria,2760
-74.3612,45.1388,places.295,Saint-Anicet,2754
-79.0012,48.7554,places.296,Macamic,2744
-72.0475,45.2497,places.297,Sainte Catherine de Hatley,2741
-72.8531,45.5655,places.298,Saint-Dominique,2741
-65.4931,48.0449,places.299,Bonaventure,2733
-73.0638,46.0566,places.300,Sainte-Anne-de-Sorel,2731
-75.4498,46.7011,places.301,Ferme-Neuve,2716
-71.8248,46.7565,places.302,Saint-Basile,2709
-73.3737,45.0797,places.303,Lacolle,2708
-73.0537,45.4359,places.304,Rougemont,2696
-73.1173,45.2392,places.305,Saint-Alexandre,2678
-68.4039,58.1067,places.306,ᑰᑦᔪᐊᖅ Kuujjuaq,2668
-71.4655,45.7017,places.307,Weedon,2667
-73.6768,45.1571,places.308,Sainte-Clotilde,2646
-73.0498,45.6656,places.309,La Présentation,2638
-71.0613,46.4085,places.310,Saint-Elzéar,2623
-70.6562,45.9593,places.311,Saint-Martin,2588
-72.5001,45.7595,places.312,Wickham,2587
-73.7715,46.271,places.313,Saint-Côme,2583
-70.9408,46.7723,places.314,Saint-Charles-de-Bellechasse,2583
-73.7599,45.1027,places.315,Saint-Chrysostome,2582
-73.158,45.8909,places.316,Saint-Roch-de-Richelieu,2573
-71.6329,46.5402,places.317,Laurier-Station,2570
-71.0712,46.5048,places.318,Scott,2566
-72.9885,45.1205,places.319,Bedford,2558
-74.1739,45.0873,places.320,Huntingdon,2556
-78.7499,51.4776,places.321,ᐙᔅᑳᐦᐄᑲᓂᔥ Waskaganish,2536
-71.1372,46.4982,places.322,Saint-Bernard,2535
-72.3748,46.107,places.323,Saint-Léonard-d'Aston,2530
-71.7363,46.622,places.324,Sainte-Croix,2529
-66.6879,49.096,places.325,Cap-Chat,2516
-71.6787,48.3925,places.326,Hébertville,2500
-73.9177,46.6786,places.327,Saint-Michel-des-Saints,2496
-74.327,45.2242,places.328,Rivière-Beaudette,2489
-69.2238,47.4604,places.329,Estcourt,2481
-72.0483,45.5338,places.330,Saint-François-Xavier-de-Brompton,2469
-79.438,47.3323,places.331,Ville-Marie,2464
-70.7554,46.7956,places.332,Saint-Raphaël,2458
-73.089,45.9492,places.333,Sainte-Victoire-de-Sorel,2457
-73.0086,45.5268,places.334,Saint-Damase,2447
-68.6409,48.9416,places.335,Pessamit,2428
-72.5062,46.8153,places.336,Sainte-Thècle,2415
-73.4807,46.3337,places.337,Saint-Damien,2393
-73.8045,45.3465,places.338,Léry,2390
-76.0532,46.0934,places.339,Gracefield,2376
-74.3042,45.3021,places.340,Saint-Polycarpe,2372
-79.0955,46.7219,places.341,Témiscaming,2368
-73.3529,46.3592,places.342,Saint-Charles-de-Mandeville,2363
-72.1376,46.2043,places.343,Daveluyville,2360
-71.3596,45.9049,places.344,Disraeli,2360
-73.1572,45.7861,places.345,Saint-Denis-Sur-Richelieu,2339
-73.5184,45.3126,places.346,Saint-Mathieu,2339
-71.6185,46.8719,places.347,Fossambault-sur-le-Lac,2327
-73.0165,46.2282,places.348,Maskinongé,2323
-70.9538,46.0599,places.349,Saint-Éphrem-de-Beauce,2323
-70.9051,46.1482,places.350,Saint-Victor,2313
-71.8908,45.2771,places.351,Waterville,2307
-74.2563,45.7511,places.352,Lakefield,2283
-72.8454,45.2464,places.353,Brigham,2282
-72.3153,45.3012,places.354,Eastman,2279
-69.7803,46.9615,places.355,Saint-Pamphile,2274
-64.9798,48.165,places.356,Port-Daniel-Gascons,2271
-73.0938,45.5948,places.357,Sainte-Madeleine,2268
-67.0846,52.7931,places.358,Fermont,2256
-69.624,47.6832,places.359,Saint-Alexandre-de-Kamouraska,2255
-75.0295,46.3938,places.360,Nominingue,2255
-73.2074,46.0889,places.361,Sainte-Geneviève-de-Berthier,2253
-76.733,45.8534,places.362,Mansfield-et-Pontefract,2250
-71.0757,46.2167,places.363,East Broughton,2248
-73.1941,45.6772,places.364,Saint-Marc-sur-Richelieu,2245
-61.8495,47.2369,places.365,Havre-Aubert,2238
-71.9299,46.6492,places.366,Deschambault,2235
-71.354,46.8573,places.367,Wendake,2200
-72.7541,45.4829,places.368,Sainte-Cécile-de-Milton,2195
-74.1756,45.0367,places.369,Athelstan,2187
-72.4425,48.8837,places.370,Albanel,2181
-71.7758,48.4935,places.371,Saint-Gédéon,2177
-73.6208,46.1955,places.372,Sainte-Béatrix,2170
-75.0201,45.6188,places.373,Papineauville,2153
-67.227,48.3542,places.374,Causapscal,2147
-73.2295,45.2068,places.375,Sainte-Anne-de-Sabrevois,2143
-73.2785,45.1296,places.376,Saint-Paul-de-l'Île-aux-Noix,2141
-72.3151,45.4937,places.377,Valcourt,2139
-70.8892,46.7144,places.378,Saint-Gervais,2138
-77.2709,60.0394,places.379,ᐳᕕᕐᓂᑐᖅ Puvirnituq,2129
-72.8102,46.0701,places.380,Pierreville,2104
-70.6417,45.8534,places.381,Saint-Gédéon-de-Beauce,2093
-73.2874,45.2113,places.382,Saint-Blaise-sur-Richelieu,2092
-76.9805,49.0534,places.383,Lebel-sur-Quévillon,2091
-73.1199,46.1912,places.384,Saint-Barthélemy,2087
-71.671,48.6907,places.385,L'Ascension-de-Notre-Seigneur,2079
-73.57,46.0079,places.386,Saint-Liguori,2066
-70.9034,48.4503,places.387,Saint-Fulgence,2061
-73.1321,46.0654,places.388,Saint-Ignace-de-Loyola,2048
-72.6935,45.649,places.389,Upton,2046
-72.2086,46.5715,places.390,Sainte-Anne-de-la-Pérade,2031
-71.5498,48.5881,places.391,Saint-Nazaire,2029
-72.3919,45.0498,places.392,Mansonville,2012
-73.6661,45.8984,places.393,Saint-Esprit,2011
-72.2288,48.5759,places.394,Mashteuiatsh,2010
-71.5735,46.1073,places.395,Saint-Ferdinand,2007
-74.3877,47.2214,places.396,Manawan,2000
-74.9407,48.6564,places.397,Obedjiwan,1991
-77.6382,48.4372,places.398,Barraute,1986
-72.0693,45.858,places.399,Kingsey Falls,1986
-74.4722,46.1848,places.400,Lac Supérieur,1972
-65.6834,48.1026,places.401,Caplan,1966
-73.525,45.1655,places.402,Saint-Patrice-de-Sherrington,1963
-73.9977,45.2141,places.403,Saint-Louis-de-Gonzague,1950
-72.9602,46.4911,places.404,Saint-Élie-de-Caxton,1934
-75.9191,46.3807,places.405,Déléage,1916
-73.1494,45.0847,places.406,Venise-en-Québec,1899
-72.8236,46.0651,places.407,Saint-François-du-Lac,1898
-70.6572,46.6256,places.408,Saint-Damien-de-Buckland,1893
-73.9867,45.3907,places.409,Terrasse-Vaudreuil,1887
-70.9092,46.8741,places.410,Saint-Michel-de-Bellechasse,1871
-70.925,46.3765,places.411,Vallée-Jonction,1864
-74.1305,45.1776,places.412,Saint-Stanislas-de-Kostka,1852
-69.5016,47.9172,places.413,Cacouna,1848
-68.8679,48.295,places.414,Saint-Fabien,1834
-73.1082,45.3905,places.415,Sainte-Angèle-de-Monnoir,1828
-70.3482,46.4104,places.416,Sainte-Justine,1828
-78.1124,58.4537,places.417,ᐃᓄᒃᔪᐊᒃ Inukjuak,1821
-73.2217,46.1502,places.418,Saint-Cuthbert,1821
-71.3723,45.9681,places.419,Saint-Joseph-de-Coleraine,1820
-68.2496,49.1606,places.420,Pointe-Lebel,1817
-74.5994,45.624,places.421,Grenville,1816
-73,45.9724,places.422,Saint-Robert,1813
-70.7138,46.1832,places.423,Notre-Dame-des-Pins,1812
-70.8315,45.5726,places.424,Frontenac,1811
-72.3439,46.4414,places.425,Champlain,1807
-69.952,47.4063,places.426,Saint-Pacôme,1806
-70.938,45.9614,places.427,La Guadeloupe,1805
-72.472,46.5641,places.428,Saint-Narcisse,1801
-72.2688,45.875,places.429,Saint-Lucien,1801
-73.5983,46.1177,places.430,Sainte-Marcelline-de-Kildare,1795
-69.4041,48.3462,places.431,Les Escoumins,1794
-74.2062,45.5294,places.432,Saint-Placide,1784
-66.3097,48.1365,places.433,Nouvelle,1782
-73.9695,45.3301,places.434,Pointe-des-Cascades,1775
-72.713,45.5648,places.435,Saint-Valérien-de-Milton,1767
-73.4175,45.2771,places.436,Saint-Jacques-le-Mineur,1766
-71.5854,45.6276,places.437,Marbleton,1755
-71.5755,45.5838,places.438,Bishopton,1755
-72.0631,48.4307,places.439,Chambord,1748
-72.28,45.1841,places.440,Austin,1748
-70.7313,46.9265,places.441,Berthier-sur-Mer,1744
-71.0749,46.8875,places.442,Saint-Pierre-de-l'Île-d'Orléans,1743
-73.6434,46.323,places.443,Sainte-Émélie-de-l'Énergie,1741
-73.172,45.7795,places.444,Saint-Antoine-sur-Richelieu,1738
-72.9135,46.0044,places.445,Yamaska,1736
-73.1858,45.69,places.446,Saint-Charles-sur-Richelieu,1735
-75.0998,45.7831,places.447,Ripon,1735
-75.6244,46.0899,places.448,Notre-Dame-du-Laus,1730
-68.1269,48.6025,places.449,Price,1729
-74.7632,46.0092,places.450,Saint-Rémi-d'Amherst,1728
-73.1503,45.888,places.451,Saint-Ours,1723
-74.2187,45.8159,places.452,Mille-Isles,1721
-69.9273,47.0575,places.453,Sainte-Perpétue,1715
-72.3419,46.002,places.454,Notre-Dame-du-Bon-Conseil,1708
-67.6881,48.5662,places.455,Sayabec,1706
-74.2236,45.353,places.456,Saint-Clet,1700
-72.736,45.7316,places.457,Sainte-Hélène-de-Bagot,1696
-70.364,46.1266,places.458,Saint-Zacharie,1684
-69.8003,48.2334,places.459,Sacré-Cœur,1684
-71.576,46.6637,places.460,Saint-Antoine de Tilly,1682
-74.34,45.8867,places.461,Montfort,1672
-71.9619,45.5955,places.462,Val-Joli,1671
-76.4915,45.6036,places.463,Shawville,1668
-70.7667,46.5317,places.464,Saint-Malachie,1667
-76.0223,46.2421,places.465,Messines,1655
-69.047,48.0031,places.466,Saint-Jean-de-Dieu,1651
-72.0885,46.0004,places.467,Saint-Albert,1640
-73.9234,45.0293,places.468,Franklin Centre,1635
-71.0911,45.8385,places.469,Lambton,1630
-71.5962,46.5135,places.470,Saint-Flavien,1619
-70.7914,46.0701,places.471,Saint-Benoît-Labre,1617
-66.1947,50.2126,places.472,Maliotenam,1610
-74.1956,45.1631,places.473,Sainte-Barbe,1609
-71.0065,46.8602,places.474,Saint-Laurent-de-l'Île-d'Orléans,1607
-71.5232,48.4469,places.475,Larouche,1601
-71.612,46.3712,places.476,Lyster,1587
-70.7145,46.8872,places.477,Saint-François-de-la-Rivière-du-Sud,1580
-75.6397,62.1973,places.478,ᓴᓪᓗᐃᑦ Salluit,1580
-67.6961,48.7882,places.479,Saint-Ulric,1567
-72.5863,45.6851,places.480,Saint-Théodore-d'Acton,1564
-72.2361,45.9924,places.481,Sainte-Clotilde-de-Horton,1563
-78.808,53.0048,places.482,ᐐᒥᓂᒌ Wemindji,1562
-70.8282,45.9605,places.483,Saint-Honoré-de-Shenley,1555
-66.4008,50.2252,places.484,Uashat,1550
-73.4124,45.0822,places.485,Saint-Bernard-de-Lacolle,1542
-73.0138,46.4177,places.486,Saint-Paulin,1541
-74.6931,46.1537,places.487,La Conception,1527
-70.9947,46.2717,places.488,Tring-Jonction,1526
-70.7712,47.1416,places.489,Saint-Tite-des-Caps,1504
-73.1916,45.137,places.490,Henryville,1497
-78.2158,48.2384,places.491,Rivière-Héva,1495
-72.1905,45.7953,places.492,Saint-Félix-de-Kingsey,1493
-72.7645,45.8852,places.493,Saint-Guillaume,1491
-67.3463,48.4214,places.494,Lac-au-Saumon,1488
-71.9439,45.8814,places.495,Tingwick,1484
-72.9235,46.5735,places.496,Saint-Mathieu-du-Parc,1482
-72.5256,45.4522,places.497,Saint-Joachim-de-Shefford,1476
-74.8573,49.783,places.498,Chapais,1468
-70.3207,47.4787,places.499,Les Éboulements,1465
-72.2688,46.7559,places.500,Saint-Ubalde,1456
-72.1397,46.6565,places.501,Saint-Casimir,1449
-74.1803,46.1294,places.502,Sainte-Lucie-des-Laurentides,1445
-70.2198,47.1804,places.503,Saint-Aubert,1441
-70.9844,46.5593,places.504,Sainte-Hénédine,1440
-70.5872,46.7446,places.505,Armagh,1439
-68.418,49.0428,places.506,Pointe-aux-Outardes,1434
-73.0652,45.3232,places.507,Sainte-Brigide-d'Iberville,1428
-70.8487,47.06,places.508,Saint-Joachim,1427
-74.9358,46.2553,places.509,La Minerve,1421
-73.2993,45.0667,places.510,Noyan,1418
-69.1486,47.815,places.511,Saint-Hubert-de-Rivière-du-Loup,1412
-70.6757,46.3581,places.512,Saint-Odilon-de-Cranbourne,1407
-71.8073,45.7378,places.513,Wotton,1402
-77.63,49.7576,places.514,Matagami,1402
-68.3931,49.1265,places.515,Chute-aux-Outardes,1391
-73.3553,46.0967,places.516,Sainte-Élisabeth,1390
-71.0209,45.6304,places.517,Nantes,1388
-72.8723,45.735,places.518,Saint-Simon-de-Bagot,1386
-79.2004,48.6619,places.519,Palmarolle,1386
-72.5815,45.9313,places.520,Saint-Majorique-de-Grantham,1384
-77.0764,45.9116,places.521,Chapeau,1382
-72.3948,46.8621,places.522,Lac-aux-Sables,1380
-73.6127,45.9325,places.523,Saint-Alexis-de-Montcalm,1370
-72.6176,46.6772,places.524,Hérouxville,1367
-73.5106,45.2394,places.525,Saint-Édouard,1365
-74.041,45.4199,places.526,Vaudreuil-sur-le-Lac,1361
-72.6498,48.7136,places.527,La Doré,1359
-69.3375,48.0152,places.528,L'Isle-Verte,1356
-73.0313,46.2861,places.529,Sainte-Ursule,1355
-72.3051,45.7632,places.530,L'Avenir,1350
-66.6829,48.0163,places.531,Pointe-à-la-Croix,1344
-72.2522,45.5036,places.532,Racine,1340
-72.8598,45.7948,places.533,Saint-Hugues,1340
-65.3245,48.0088,places.534,New Carlisle,1336
-73.7368,45.2191,places.535,Saint-Urbain-Premier,1332
-70.8052,46.6549,places.536,Saint-Lazare-de-Bellechasse,1332
-71.5237,48.6733,places.537,Labrecque,1328
-72.9882,45.7739,places.538,Saint-Jude,1326
-72.5215,45.5737,places.539,Roxton Falls,1322
-70.5398,47.5577,places.540,Saint-Urbain,1320
-73.8182,46.5619,places.541,Saint-Zénon,1317
-68.4665,49.074,places.542,Ragueneau,1314
-71.6585,46.2957,places.543,Laurierville,1313
-76.7365,45.8411,places.544,Fort-Coulonge,1312
-68.9797,47.6709,places.545,Saint-Louis-du-Ha! Ha!,1311
-70.8076,46.4634,places.546,Frampton,1309
-70.201,48.2352,places.547,L'Anse-Saint-Jean,1301
-69.6105,47.7672,places.548,Notre-Dame-du-Portage,1296
-79.3515,47.3546,places.549,Lorrainville,1286
-77.3541,48.0584,places.550,Lac-Simon,1285
-69.045,47.4341,places.551,Rivière-Bleue,1261
-71.5011,45.4736,places.552,Bury,1252
-71.8206,46.1067,places.553,Saint-Norbert-d'Arthabaska,1247
-69.4357,47.914,places.554,Saint-Arsène,1245
-71.8327,46.5707,places.555,Saint-Édouard-de-Lotbinière,1240
-70.8769,46.418,places.556,Saints-Anges,1239
-78.3614,48.6314,places.557,Villemontel,1232
-71.6646,48.4452,places.558,Hébertville-Station,1229
-73.044,45.0328,places.559,Saint-Armand,1228
-73.4975,45.9318,places.560,Sainte-Marie-Salomé,1221
-65.5678,48.0707,places.561,Saint-Siméon-de-Bonaventure,1207
-76.0063,46.3613,places.562,Kitigan Zibi,1204
-76.4575,45.5305,places.563,Bristol,1199
-72.0789,46.7182,places.564,Saint-Alban,1196
-69.2098,48.0966,places.565,Notre-Dame-des-Neiges,1194
-72.0954,46.0647,places.566,Saint-Valère,1188
-72.8802,46.3948,places.567,Saint-Barnabé,1186
-79.4394,47.4625,places.568,Saint-Bruno-de-Guigues,1185
-72.2041,46.5046,places.569,Saint-Pierre-les-Becquets,1183
-72.1843,48.2594,places.570,Lac-Bouchette,1183
-69.4034,47.8325,places.571,Saint-Modeste,1180
-72.041,45.1674,places.572,Ayer's Cliff,1180
-68.1743,48.4228,places.573,Saint-Gabriel-de-Rimouski,1177
-70.9373,46.5108,places.574,Sainte-Marguerite,1175
-72.3251,46.1663,places.575,Saint-Wenceslas,1167
-69.8566,47.442,places.576,Mont-Carmel,1160
-75.9158,46.6192,places.577,Grand-Remous,1159
-70.3054,47.6818,places.578,Saint-Aimé-des-Lacs,1158
-73.2471,45.0637,places.579,Clarenceville,1154
-71.2331,46.4837,places.580,Saint-Narcisse-de-Beaurivage,1152
-72.2526,45.1397,places.581,Georgeville,1148
-70.3996,47.5738,places.582,Saint-Hilarion,1146
-72.4184,45.3213,places.583,Stukely-Sud,1142
-73.7851,47.9025,places.584,Wemotaci,1142
-71.9772,45.6589,places.585,Saint-Claude,1141
-71.9106,46.8916,places.586,Saint-Léonard-de-Portneuf,1140
-72.6983,45.8054,places.587,Saint-Eugène,1139
-69.8779,47.8445,places.588,Saint-Siméon,1139
-75.1135,45.6064,places.589,Plaisance,1129
-72.8366,45.0561,places.590,Frelighsburg,1123
-57.133,51.4274,places.591,Blanc-Sablon,1122
-70.4116,47.3694,places.592,Saint-Louis,1116
-75.1637,45.8556,places.593,Montpellier,1112
-71.2374,46.4114,places.594,Saint-Patrice-de-Beaurivage,1109
-70.6263,48.2736,places.595,Saint-Félix-d'Otis,1109
-72.3556,45.2029,places.596,Bolton-Est,1108
-73.0197,45.2261,places.597,Sainte-Sabine,1105
-72.084,48.865,places.598,Sainte-Jeanne-d'Arc,1101
-67.3374,48.901,places.599,Sainte-Félicité,1100
-73.9146,45.2464,places.600,Saint-Étienne-de-Beauharnois,1099
-74.0577,46.2259,places.601,Notre-Dame-de-la-Merci,1097
-74.7726,46.3713,places.602,La Macaza,1094
-70.6016,46.2793,places.603,Saint-Benjamin,1090
-79.4875,47.5932,places.604,Notre-Dame-du-Nord,1090
-68.4363,48.2882,places.605,Saint-Narcisse-de-Rimouski,1084
-71.6676,46.4854,places.606,Saint-Janvier-de-Joly,1079
-69.0182,47.8952,places.607,Saint-Cyprien,1078
-65.1247,49.2259,places.608,Grande-Vallée,1077
-68.7241,47.881,places.609,Saint-Michel-du-Squatec,1076
-72.0023,46.2487,places.610,Saint-Louis-de-Blandford,1076
-70.6946,45.7421,places.611,Saint-Ludger,1074
-70.8501,45.7194,places.612,Lac-Drolet,1067
-72.6838,45.9648,places.613,Saint-Bonaventure,1066
-70.9751,46.2971,places.614,Saint-Frédéric,1065
-73.3148,46.1698,places.615,Saint-Norbert,1060
-75.095,45.9096,places.616,Lac-Simon,1057
-71.1381,46.8495,places.617,Sainte-Pétronille,1055
-74.0035,46.1127,places.618,Entrelacs,1054
-72.341,45.6597,places.619,Durham-Sud,1051
-71.4094,46.3841,places.620,Sainte-Agathe-de-Lotbinière,1049
-65.7287,49.228,places.621,Mont-Louis,1047
-70.6179,46.4786,places.622,Saint-Léon-de-Standon,1042
-76.43,45.8491,places.623,Otter Lake,1041
-75.2407,46.6528,places.624,Chute-Saint-Philippe,1039
-76.0154,45.9488,places.625,Kazabazua,1037
-71.2816,45.7804,places.626,Stratford,1036
-72.9242,46.4407,places.627,Charette,1034
-70.8234,46.8926,places.628,Saint-Vallier,1031
-72.3399,46.5298,places.629,Sainte-Geneviève-de-Batiscan,1028
-71.0733,45.3946,places.630,Notre-Dame-des-Bois,1028
-70.8902,46.9206,places.631,Saint-Jean-de-l'Île-d'Orléans,1026
-78.1135,48.6755,places.632,Saint-Félix-de-Dalquier,1026
-77.753,55.2766,places.633,ᐙᐱᒫᑯᔥᑐᐃ Whapmagoostui,1022
-75.9523,45.8113,places.634,Low,1020
-71.2268,46.3635,places.635,Saint-Sylvestre,1019
-72.5468,49.0029,places.636,Girardville,1018
-74.297,45.4058,places.637,Sainte-Marthe,1014
-74.6729,46.076,places.638,Brébeuf,1009
-72.3852,46.611,places.639,Saint-Stanislas,1001
-70.0181,47.4324,places.640,Rivière-Ouelle,995
-66.9846,48.9992,places.641,Les Méchins,995
-71.9495,48.4178,places.642,Desbiens,995
-68.0788,48.5252,places.643,Sainte-Angèle-de-Mérici,989
-71.7531,46.4154,places.644,Val-Alain,986
-72.2506,46.1118,places.645,Sainte-Eulalie,984
-64.4164,48.4097,places.646,Sainte-Thérèse-de-Gaspé,979
-74.3895,45.4329,places.647,Très-Saint-Rédempteur,978
-67.5048,48.3804,places.648,Saint-Léon-le-Grand,968
-72.9224,45.7303,places.649,Saint-Barnabé-Sud,962
-72.7177,46.1391,places.650,Baie-du-Febvre,961
-73.0865,46.252,places.651,Saint-Justin,961
-67.3884,48.7071,places.652,Saint-René-de-Matane,961
-71.8433,45.6976,places.653,Saint-Georges-de-Windsor,958
-72.2506,46.496,places.654,Batiscan,958
-65.9532,58.6934,places.655,ᑲᖏᖅᓱᐊᓗᔾᔪᐊᖅ Kangiqsualujjuaq,956
-70.1775,47.3112,places.656,Saint-Roch-des-Aulnaies,955
-70.568,47.3036,places.657,Petite-Rivière-Saint-François,953
-73.9603,45.4145,places.658,Senneville,951
-79.3073,47.4267,places.659,Laverlochère,947
-74.4164,45.3757,places.660,Sainte-Justine-de-Newton,947
-70.6183,46.0104,places.661,Saint-René,946
-70.147,46.6551,places.662,Saint-Fabien-de-Panet,945
-79.1167,48.6011,places.663,Sainte-Germaine-Boulé,941
-79.3586,48.8302,places.664,Dupuy,940
-71.5292,46.4674,places.665,Dosquet,935
-74.9427,45.6512,places.666,Montebello,934
-72.0267,46.1644,places.667,Saint-Rosaire,932
-71.3802,45.834,places.668,Beaulac-Garthby,931
-72.4111,45.7109,places.669,Lefebvre,925
-78.5061,52.2403,places.670,ᐄᔅᒣᐃᓐ Eastmain,924
-72.4318,46.7323,places.671,Saint-Adelphe,922
-75.5954,45.9148,places.672,Val-des-Bois,920
-69.2519,48.5454,places.673,Longue-Rive,918
-72.4648,46.0811,places.674,Sainte-Perpétue,916
-61.8035,50.1325,places.675,Nutashkuan,915
-78.3621,48.407,places.676,Preissac,914
-71.5219,46.2597,places.677,Inverness,910
-68.6606,48.3417,places.678,Saint-Valérien,906
-72.1143,46.5567,places.679,Deschaillons-sur-Saint-Laurent,906
-68.2304,48.6103,places.680,Sainte-Flavie,904
-74.8299,46.5503,places.681,L'Ascension,899
-67.5488,48.5335,places.682,Val-Brillant,899
-78.683,48.6626,places.683,Taschereau,898
-77.9518,48.5471,places.684,Landrienne,897
-76.2488,46.1371,places.685,Lac-Cayamant,895
-72.4335,46.2138,places.686,Saint-Célestin,892
-74.2508,46.1494,places.687,Lantier,891
-69.7323,47.59,places.688,Sainte-Hélène-de-Kamouraska,891
-71.2082,46.2445,places.689,Saint-Pierre-de-Broughton,889
-70.8841,46.6539,places.690,Honfleur,881
-72.6195,45.7375,places.691,Saint-Nazaire-d'Acton,880
-71.8228,45.9628,places.692,Chesterville,877
-72.8576,45.9552,places.693,Saint-David-d'Yamaska,872
-72.3628,48.4811,places.694,Sainte-Hedwidge,870
-78.0462,48.4725,places.695,Saint-Marc-de-Figuery,868
-71.6244,46.578,places.696,Notre-Dame-du-Sacré-Cœur-d'Issoudun,867
-74.6343,45.9758,places.697,Huberdeau,863
-72.935,46.3135,places.698,Saint-Léon-le-Grand,863
-71.851,48.7427,places.699,Sainte-Monique,858
-71.646,45.9032,places.700,Ham-Nord,857
-70.3633,46.176,places.701,Sainte-Aurélie,856
-71.9352,46.6159,places.702,Lotbinière,855
-70.9411,45.6675,places.703,Sainte-Cécile-de-Whitton,853
-71.361,48.6755,places.704,Bégin,851
-70.9627,46.9729,places.705,Sainte-Famille-de-l'Île-d'Orléans,850
-73.8491,45.1849,places.706,Howick,850
-70.3612,46.7301,places.707,Saint-Paul-de-Montminy,849
-75.0565,45.8868,places.708,Chénéville,848
-75.5846,45.768,places.709,Notre-Dame-de-la-Salette,841
-70.6254,46.9139,places.710,Saint-Pierre-de-la-Rivière-du-Sud,840
-71.95,61.602,places.711,ᑲᖏᖅᓱᔪᐊᖅ Kangiqsujuaq,837
-69.3327,47.8966,places.712,Saint-Épiphane,836
-68.2476,48.4973,places.713,Saint-Donat,835
-72.916,45.1215,places.714,Stanbridge East,834
-76.2569,51.6879,places.715,ᓀᒥᔅᑳᐤ Nemaska,832
-73.5863,45.0474,places.716,Hemmingford,829
-69.8847,47.4685,places.717,Saint-Philippe-de-Néri,818
-72.3809,45.267,places.718,Saint-Étienne-de-Bolton,816
-75.5287,46.4055,places.719,Saint-Aimé-du-Lac-des-Îles,815
-72.3082,46.878,places.720,Notre-Dame-de-Montauban,815
-70.9847,45.8734,places.721,Courcelles,814
-69.7175,48.1433,places.722,Tadoussac,814
-72.5009,46.666,places.723,Saint-Séverin,812
-72.003,46.3675,places.724,Manseau,807
-71.2499,45.4019,places.725,La Patrie,805
-72.6753,45.882,places.726,Saint-Edmond-de-Grantham,804
-71.8251,48.6631,places.727,Saint-Henri-de-Taillon,803
-73.1449,46.3306,places.728,Saint-Édouard-de-Maskinongé,798
-74.818,49.922,places.729,ᐆᒉᐳᑯᒨ Oujé-Bougoumou,797
-78.3091,48.5181,places.730,Sainte-Gertrude,793
-77.7563,55.2821,places.731,ᑰᔾᔪᐊᕌᐱᒃ Kuujjuarapik,792
-75.632,46.2852,places.732,Notre-Dame-de-Pontmain,790
-75.38,46.4189,places.733,Kiamika,790
-70.3798,47.6659,places.734,Notre-Dame-des-Monts,789
-71.8193,46.3265,places.735,Notre-Dame-de-Lourdes,787
-60.6611,50.2183,places.736,Unamen Shipu,787
-72.2241,46.2335,places.737,Saint-Sylvère,786
-71.4068,48.4924,places.738,Saint-Charles-de-Bourget,784
-70.856,46.8351,places.739,La Durantaye,782
-79.3625,48.9964,places.740,Normétal,778
-77.9961,48.3576,places.741,La Corne,778
-72.4289,45.6155,places.742,Sainte-Christine,772
-71.4018,46.9706,places.743,Lac-Delage,771
-71.9368,45.1859,places.744,Hatley,771
-78.1389,48.4729,places.745,Saint-Mathieu-d'Harricana,770
-70.5456,46.6197,places.746,Notre-Dame-Auxiliatrice-de-Buckland,767
-72.2052,46.0687,places.747,Saint-Samuel,765
-65.8929,48.2521,places.748,Grande-Cascapédia,764
-69.1342,47.7084,places.749,Saint-Honoré-de-Témiscouata,763
-72.2164,45.0259,places.750,Cedarville,761
-73.7585,45.0453,places.751,Havelock,756
-75.8939,46.4688,places.752,Aumond,754
-74.39,45.2936,places.753,Saint-Télesphore,754
-74.3467,46.1818,places.754,Val-des-Lacs,750
-70.7231,46.7257,places.755,Saint-Nérée-de-Bellechasse,744
-70.2727,47.0364,places.756,Saint-Cyrille-de-Lessard,742
-70.4271,46.3198,places.757,Sainte-Rose-de-Watford,740
-72.9777,45.8542,places.758,Saint-Louis,740
-70.2129,46.4941,places.759,Saint-Camille-de-Lellis,737
-72.4809,46.0272,places.760,Sainte-Brigitte-des-Saults,737
-71.7709,45.0677,places.761,Dixville,732
-79.2224,48.5026,places.762,Duparquet,716
-70.2903,46.5769,places.763,Saint-Magloire,712
-71.0929,45.7852,places.764,Saint-Romain,711
-65.6277,48.1888,places.765,Saint-Alphonse-de-Caplan,711
-71.3377,46.2884,places.766,Saint-Jacques-de-Leeds,711
-79.3295,47.2904,places.767,Béarn,708
-70.7358,45.6563,places.768,Audet,708
-72.626,46.0588,places.769,Saint-Zéphirin-de-Courval,707
-76.6016,45.7333,places.770,Campbell's Bay,705
-75.3458,45.6634,places.771,Mayo,704
-72.1101,46.4289,places.772,Sainte-Sophie-de-Lévrard,704
-72.6656,48.9085,places.773,Saint-Thomas-Didyme,703
-70.4862,45.936,places.774,Saint-Théophile,702
-71.477,45.3892,places.775,Island Brook,698
-76.0609,46.1824,places.776,Blue Sea,696
-75.9566,46.2043,places.777,Bouchette,695
-73.1469,45.1251,places.778,Saint-Sébastien,692
-57.7079,51.4739,places.779,Rivière-Saint-Paul,692
-68.9846,48.1849,places.780,Saint-Mathieu-de-Rioux,691
-73.0302,45.171,places.781,Notre-Dame de Stanbridge,691
-71.6723,45.1057,places.782,Saint-Herménégilde,690
-73.2805,46.3282,places.783,Saint-Didace,688
-73.1442,46.0874,places.784,La Visitation de-l'île-Dupas,684
-70.4546,46.6829,places.785,Saint-Philémon,680
-67.1651,47.983,places.786,Saint-François-d'Assise,679
-70.2078,47.5717,places.787,Saint-Irénée,678
-75.9461,45.9519,places.788,Lac-Sainte-Marie,677
-72.9468,45.1714,places.789,Saint-Ignace-de-Stanbridge,677
-74.9654,45.8082,places.790,Notre-Dame-de-la-Paix,675
-71.9721,45.2756,places.791,North Hatley,675
-70.9685,45.7819,places.792,Saint-Sébastien,674
-70.1312,47.2834,places.793,Sainte-Louise,674
-71.5131,45.2667,places.794,Saint-Isidore-de-Clifton,673
-79.3653,47.1997,places.795,Saint-Edouard-De-Fabre,671
-70.8633,45.3846,places.796,Saint-Augustin-de-Woburn,667
-75.6352,45.8803,places.797,Bowman,667
-78.9853,48.6611,places.798,Poularies,662
-66.8148,54.8046,places.799,Matimekosh,661
-72.0322,46.487,places.800,Fortierville,660
-69.9294,47.3826,places.801,Saint-Gabriel-Lalemant,660
-69.728,47.6741,places.802,Saint-André-de-Kamouraska,658
-76.0439,46.5371,places.803,Montcerf-Lytton,653
-72.3055,45.405,places.804,Bonsecours,650
-76.6111,45.7196,places.805,Île-du-Grand-Calumet,648
-76.6217,45.6772,places.806,Bryson,646
-65.4958,48.9603,places.807,Murdochville,643
-72.1342,48.3257,places.808,Saint-François-de-Sales,643
-78.1902,60.8091,places.809,ᐊᑯᓕᕕᒃ Akulivik,642
-66.7609,54.8617,places.810,ᑲᐛᐛᒋᑲᒪᒡ Kawawachikamach,641
-70.0941,46.5674,places.811,Saint-Just-de-Bretenières,639
-65.9195,48.1989,places.812,Gesgapegiag,637
-71.8213,48.8945,places.813,St-Ludger-de-Milot,637
-68.8479,48.8724,places.814,Colombier,635
-74.9303,45.8963,places.815,Namur,633
-74.5471,45.9445,places.816,Weir,632
-70.8243,48.0904,places.817,Boilleau,632
-73.0577,46.363,places.818,Sainte-Angèle-de-Prémont,631
-72.1802,46.9917,places.819,Rivière-à-Pierre,625
-72.4026,45.4054,places.820,Sainte-Anne-de-la-Rochelle,625
-69.5455,48.2439,places.821,Les Bergeronnes,619
-72.3447,45.422,places.822,Lawrenceville,618
-71.9707,46.8132,places.823,Sainte-Christine-d'Auvergne,617
-73.0622,45.8274,places.824,Saint-Bernard-de-Michaudville,616
-67.8975,48.721,places.825,Baie-des-Sables,613
-69.0968,48.6273,places.826,Portneuf-sur-Mer,612
-72.7731,45.2413,places.827,East Farnham,612
-69.8669,47.5668,places.828,Kamouraska,607
-64.8527,49.1858,places.829,Cloridorme,607
-70.0701,48.2123,places.830,Petit-Saguenay,600
-71.7079,46.1539,places.831,Sainte-Sophie-d'Halifax,595
-67.993,48.6751,places.832,Métis-sur-Mer,594
-68.1696,48.5757,places.833,Saint-Joseph-de-Lepage,590
-68.9131,47.5436,places.834,Saint-Eusèbe,587
-74.3789,45.5603,places.835,Pointe-Fortune,582
-75.3363,46.7799,places.836,Mont-Saint-Michel,581
-74.6165,45.9684,places.837,Arundel,578
-68.7875,47.4908,places.838,Packington,578
-69.9849,47.095,places.839,Tourville,576
-66.4877,48.1184,places.840,Escuminac,575
-70.6792,46.2091,places.841,Saint-Simon-les-Mines,573
-75.0799,46.0232,places.842,Duhamel,569
-71.0294,46.1251,places.843,Sainte-Clotilde-de-Beauce,569
-66.9531,47.9742,places.844,Matapédia,566
-70.1299,47.1958,places.845,Saint-Damase,563
-70.0135,60.0178,places.846,ᑲᖏᕐᓱᖅ Kangirsuk,561
-71.6144,46.2072,places.847,Saint-Pierre-Baptiste,560
-75.324,46.8806,places.848,Sainte-Anne-du-Lac,556
-71.7037,45.6835,places.849,Saint-Camille,551
-74.8916,45.9992,places.850,Lac-des-Plages,548
-72.9287,45.9112,places.851,Massueville,547
-70.9476,46.2233,places.852,Saint-Jules,547
-71.6811,45.2048,places.853,Sainte-Edwidge-de-Clifton,546
-68.6687,47.666,places.854,Lots-Renversés,543
-67.8516,48.5516,places.855,Saint-Moïse,542
-79.4737,47.6089,places.856,Réserve indienne Timiskaming 19,541
-71.7345,46.8585,places.857,Lac-Sergent,541
-76.5458,56.553,places.858,ᐅᒥᐅᔭᖅ Umiujaq,541
-78.1172,48.5978,places.859,Pikogan,540
-70.8129,47.0019,places.860,Saint-François-de-l'Île-d'Orléans,536
-78.2559,48.7199,places.861,Saint-Nazaire-de-Berry,535
-71.1578,45.7105,places.862,Stornoway,535
-70.5865,45.7498,places.863,Saint-Robert-Bellarmin,529
-76.3869,45.7625,places.864,Ladysmith,528
-75.1427,46.4965,places.865,Lac-Saguay,526
-75.3091,46.7315,places.866,Lac-Saint-Paul,525
-71.7213,45.8202,places.867,Saint-Adrien,522
-69.9827,47.3257,places.868,Saint-Onésime-d'Ixworth,522
-72.4198,46.496,places.869,Saint-Luc-de-Vincennes,519
-70.8306,46.1563,places.870,Saint-Alfred,519
-67.05,47.9707,places.871,Saint-Alexis-de-Matapédia,519
-72.5355,46.1589,places.872,Sainte-Monique,519
-69.9378,47.5023,places.873,Saint-Denis-De La Bouteillerie,518
-69.7549,47.4569,places.874,Saint-Bruno-de-Kamouraska,515
-71.5002,45.1997,places.875,Saint-Malo,514
-74.9133,45.9302,places.876,Saint-Émile-de-Suffolk,512
-72.695,46.919,places.877,Saint-Joseph-de-Mékinac,512
-70.9418,45.9404,places.878,Saint-Évariste-de-Forsyth,511
-73.2816,45.7464,places.879,Calixa-Lavallée,509
-75.9861,46.4181,places.880,Egan-Sud,508
-72.897,45.8604,places.881,Saint-Marcel-de-Richelieu,507
-70.1959,46.807,places.882,Sainte-Apolline-de-Patton,505
-73.069,45.1222,places.883,Pike River,503
-68.6769,47.9908,places.884,Lac-des-Aigles,495
-72.7264,46.6873,places.885,Grandes-Piles,493
-68.0802,48.6011,places.886,Saint-Octave-de-Métis,493
-71.999,46.5708,places.887,Leclercville,491
-75.2073,45.6987,places.888,Saint-Sixte,490
-72.0528,48.7664,places.889,Péribonka,489
-79.2886,48.6026,places.890,Gallichan,488
-72.4981,46.1825,places.891,Grand-Saint-Esprit,488
-71.8753,46.3884,places.892,Villeroy,488
-72.2862,48.9786,places.893,Saint-Eugène-d'Argentenay,487
-68.1139,48.3785,places.894,Les Hauteurs,485
-79.2504,48.9232,places.895,Saint-Vital-de-Clermont,484
-67.3194,48.8235,places.896,Saint-Adelme,484
-72.2948,46.6145,places.897,Saint-Prosper-de-Champlain,482
-72.815,46.073,places.898,Odanak,481
-69.0951,47.9232,places.899,Saint-Clément,479
-78.1097,48.3278,places.900,La Motte,478
-71.4256,48.7911,places.901,Lamarche,476
-70.2639,46.3532,places.902,Saint-Cyprien,474
-71.9829,46.4478,places.903,Sainte-Françoise,467
-65.3967,48.1593,places.904,Saint-Elzéar,464
-69.8985,46.8644,places.905,Saint-Adalbert,460
-71.2767,45.5248,places.906,Scotstown,459
-75.9624,49.6964,places.907,ᐙᔂᓂᐲ Waswanipi,459
-79.3529,47.5126,places.908,Saint-Eugène-de-Guigues,458
-71.3533,45.6099,places.909,Sainte-Marguerite-de-Lingwick,456
-72.2638,45.5636,places.910,Maricourt,456
-69.0463,48.2032,places.911,Saint-Simon,455
-74.8692,45.6442,places.912,Fassett,453
-69.6311,61.0407,places.913,ᖁᐊᖅᑕᖅ Quaqtaq,453
-71.9893,48.3147,places.914,Saint-André-du-Lac-Saint-Jean,453
-70.4818,46.509,places.915,Saint-Luc-de-Bellechasse,449
-68.6446,47.7287,places.916,Auclair,447
-72.7484,46.0027,places.917,Saint-Pie-de-Guire,446
-71.8224,45.864,places.918,Saint-Rémi-de-Tingwick,446
-78.9862,46.7812,places.919,Kipawa,446
-67.4131,48.6162,places.920,Saint-Vianney,446
-75.5017,46.3059,places.921,Lac-du-Cerf,445
-72.18,46.3236,places.922,Sainte-Marie-de-Blandford,443
-72.1842,45.9197,places.923,Sainte-Séraphine,441
-72.2279,46.1708,places.924,Aston-Jonction,441
-71.7143,45.2783,places.925,Martinville,441
-67.3052,49.4203,places.926,Baie-Trinité,438
-70.5878,48.3886,places.927,Sainte-Rose-du-Nord,434
-78.1142,48.7607,places.928,Saint-Dominique-du-Rosaire,434
-68.6062,47.9366,places.929,Biencourt,433
-72.2406,45.7258,places.930,Ulverton,433
-72.139,46.2164,places.931,Maddington Falls,428
-58.6495,51.2253,places.932,Saint-Augustin,425
-70.0609,46.898,places.933,Saint-Marcel,422
-69.9318,58.6978,places.934,ᑕᓯᐅᔭᖅ Tasiujaq,420
-73.3238,45.129,places.935,Saint-Valentin,418
-71.7359,45.9058,places.936,Notre-Dame-de-Ham,414
-70.4149,48.2563,places.937,Rivière-Éternité,414
-68.7944,48.2536,places.938,Saint-Eugène-de-Ladrière,413
-77.9094,62.4131,places.939,ᐃᕗᔨᕕᒃ Ivujivik,412
-75.9822,46.5028,places.940,Bois-Franc,411
-67.3395,48.5461,places.941,Saint-Tharcisius,411
-79.2992,48.749,places.942,Sainte-Hélène-de-Mancebourg,410
-79.4083,48.604,places.943,Roquemaure,409
-64.0231,50.2912,places.944,Ekuanitshit - Mingan,409
-64.1489,50.2664,places.945,Longue-Pointe-de-Mingan,408
-74.7727,45.9011,places.946,Boileau,405
-70.904,45.4866,places.947,Piopolis,398
-69.642,47.6103,places.948,Saint-Joseph-de-Kamouraska,398
-71.3802,46.2202,places.949,Kinnear's Mills,397
-68.2931,48.3348,places.950,Saint-Marcellin,397
-72.0641,46.5187,places.951,Parisville,396
-71.453,46.1101,places.952,Saint-Adrien-d'Irlande,395
-67.8358,48.5834,places.953,Saint-Noël,392
-74.3369,46.0751,places.954,Ivry-sur-le-Lac,391
-70.329,46.267,places.955,Saint-Louis-de-Gonzague,390
-76.9084,45.9072,places.956,Waltham,387
-74.4011,45.0096,places.957,Sainte-Agnès-de-Dundee,386
-67.8791,48.445,places.958,La Rédemption,384
-71.708,46.0323,places.959,Sainte-Hélène-de-Chester,384
-72.0779,45.9229,places.960,Sainte-Élisabeth-de-Warwick,383
-69.066,48.0956,places.961,Sainte-Françoise,383
-67.8275,48.6629,places.962,Saint-Damase,382
-70.5391,46.1339,places.963,Saint-Philibert,379
-71.5296,45.9938,places.964,Saint-Julien,378
-72.1756,49.0057,places.965,Saint-Stanislas,376
-67.1704,48.9382,places.966,Grosses-Roches,375
-67.6064,48.7317,places.967,Saint-Léandre,375
-79.437,48.749,places.968,Clerval,373
-70.3922,46.8259,places.969,Notre-Dame-du-Rosaire,371
-67.5799,48.3072,places.970,Saint-Zénon-du-Lac-Humqui,370
-67.5927,48.436,places.971,Sainte-Irène,369
-67.2395,48.2647,places.972,Sainte-Florence,367
-68.8966,47.389,places.973,Saint-Marc-du-Lac-Long,365
-72.5045,45.3799,places.974,Warden,362
-59.0287,50.773,places.975,Mutton Bay,356
-72.5517,48.9054,places.976,Saint-Edmond-les-Plaines,355
-71.4582,46.1829,places.977,Saint-Jean-de-Brébeuf,351
-71.2568,45.9017,places.978,Sainte-Praxède,351
-72.4369,45.5023,places.979,Béthanie,350
-65.1104,48.077,places.980,Saint-Godefroi,350
-69.9495,46.9654,places.981,Sainte-Félicité,350
-70.3534,46.4927,places.982,Sainte-Sabine,343
-72.5629,45.1892,places.983,Brome,341
-72.6588,45.0349,places.984,Abercorn,341
-79.427,47.692,places.985,Nédélec,340
-68.5597,48.0699,places.986,Esprit-Saint,340
-70.6618,46.5526,places.987,Saint-Nazaire-de-Dorchester,338
-70.4402,46.7737,places.988,Sainte-Euphémie-sur-Rivière-du-Sud,338
-72.9001,46.3474,places.989,Saint-Sévère,337
-71.945,48.8047,places.990,Saint-Augustin,334
-79.2,47.3975,places.991,Fugèreville,326
-78.9828,46.7854,places.992,Kebaowek,326
-67.7436,48.4923,places.993,Saint-Cléophas,321
-79.0328,47.4271,places.994,Latulipe,320
-78.7263,47.5363,places.995,Laforce,320
-71.2043,45.2959,places.996,Chartierville,319
-71.1227,45.5897,places.997,Milan,318
-78.5652,47.5764,places.998,Winneway,317
-69.1949,47.952,places.999,Saint-Paul-de-la-Croix,313
-69.0965,47.5927,places.1000,Saint-Elzéar-de-Témiscouata,311
-69.2252,48.0398,places.1001,Saint-Éloi,310
-69.397,48.341,places.1002,Essipit,310
-79.5045,48.8677,places.1003,La Reine,307
-58.6716,51.2248,places.1004,Pakuashipi,305
-72.7703,46.8111,places.1005,Saint-Roch-de-Mékinac,304
-71.6451,46.9361,places.1006,Lac-Saint-Joseph,304
-68.9124,47.9499,places.1007,Sainte-Rita,303
-69.4156,47.4387,places.1008,Saint-Athanase,303
-77.6182,53.793,places.1009,Radisson,300
-71.0537,46.3256,places.1010,Saint-Séverin,300
-67.307,48.4752,places.1011,Saint-Alexandre-des-Lacs,298
-72.1633,46.7081,places.1012,Saint-Thuribe,298
-72.6057,46.1291,places.1013,La Visitation-de-Yamaska,295
-69.7982,47.589,places.1014,Saint-Germain-de-Kamouraska,294
-69.7282,47.0598,places.1015,Saint-Omer,294
-72.1108,46.2969,places.1016,Lemieux,292
-73.0346,45.1186,places.1017,Stanbridge Station,291
-78.8584,48.7288,places.1018,Authier,290
-66.0685,49.215,places.1019,Marsoui,289
-65.354,49.2486,places.1020,Madeleine-Centre,289
-78.8618,48.8353,places.1021,Authier-Nord,288
-79.2091,47.7605,places.1022,Rémigny,287
-73.4803,46.0165,places.1023,Saint-Pierre,286
-67.8996,49.2929,places.1024,Franquelin,285
-78.7043,47.3905,places.1025,Belleterre,285
-71.9951,46.7156,places.1026,Saint-Gilbert,283
-71.5035,45.0762,places.1027,East Hereford,282
-64.7748,50.2758,places.1028,Rivière-au-Tonnerre,281
-71.5354,45.8565,places.1029,Saints-Martyrs-Canadiens,277
-70.0234,46.738,places.1030,Sainte-Lucie-de-Beauregard,275
-67.5961,49.3233,places.1031,Godbout,272
-61.8174,50.1839,places.1032,Natashquan,262
-74.0204,46.0424,places.1033,Estérel,262
-77.3059,47.6162,places.1034,Kitcisakik,257
-71.5999,45.9725,places.1035,Saint-Fortunat,255
-79.0534,48.8645,places.1036,Chazel,254
-73.4081,46.2288,places.1037,Saint-Cléophas-de-Brandon,254
-67.9882,48.5777,places.1038,Padoue,250
-67.5586,48.6607,places.1039,Sainte-Paule,247
-69.2482,47.8565,places.1040,Saint-François-Xavier-de-Viger,247
-68.5767,47.7675,places.1041,Lejeune,246
-66.8206,54.8005,places.1042,Schefferville,244
-72.8394,46.006,places.1043,Saint-Gérard-Majella,240
-67.3599,48.3255,places.1044,Albertville,239
-68.473,48.1285,places.1045,La Trinité-des-Monts,233
-69.6041,59.3021,places.1046,ᐊᐅᐸᓗᒃ Aupaluk,233
-68.6794,47.4259,places.1047,Saint-Jean-de-la-Lande,232
-76.662,45.5913,places.1048,Portage-du-Fort,232
-76.1574,45.9233,places.1049,Danford Lake,229
-64.3311,50.2912,places.1050,Rivière-Saint-Jean,227
-62.0861,50.2235,places.1051,Aguanish,224
-68.0466,48.3421,places.1052,Saint-Charles-Garnier,222
-72.2736,47.6589,places.1053,Lac-Édouard,220
-77.354,48.4023,places.1054,Belcourt,219
-67.9607,48.4957,places.1055,Sainte-Jeanne-d'Arc,217
-68.9049,48.0432,places.1056,Saint-Médard,216
-71.6025,45.7569,places.1057,Ham-Sud,214
-78.5361,48.6445,places.1058,Launay,211
-72.0687,48.9645,places.1059,Sainte-Élisabeth-de-Proulx,210
-78.9527,47.5441,places.1060,Moffet,206
-77.6383,48.6155,places.1061,La Morandière,205
-72.4214,46.328,places.1062,Wôlinak,194
-66.1656,49.2056,places.1063,La Martre,194
-79.4583,48.952,places.1064,Saint-Lambert,191
-65.8056,49.222,places.1065,Mont-Saint-Pierre,186
-69.7246,48.1036,places.1066,Baie-Sainte-Catherine,184
-71.0739,45.4845,places.1067,Val-Racine,183
-67.0843,48.3164,places.1068,Sainte-Marguerite-Marie,183
-64.3515,49.8179,places.1069,Port-Menier,177
-74.4695,45.924,places.1070,Lac-des-Seize-Iles,175
-70.0014,46.697,places.1071,Lac-Frontière,175
-79.1181,48.9817,places.1072,Val-Saint-Gilles,169
-66.3962,49.0199,places.1073,Cap-Seize,167
-67.1108,48.8591,places.1074,Saint-Jean-de-Cherbourg,163
-78.4702,48.778,places.1075,Guyenne,161
-72.3576,49.0778,places.1076,Notre-Dame-de-Lorette,159
-65.0366,49.219,places.1077,Petite-Vallée,157
-66.9478,48.0632,places.1078,Saint-André de Restigouche,154
-67.2495,47.9349,places.1079,L'Ascension-de-Patapédia,148
-77.5013,48.6756,places.1080,Rochebaucourt,146
-72.1398,45.587,places.1081,Kingsbury,142
-77.6902,46.1984,places.1082,Rapides-des-Joachims,141
-65.8934,49.2185,places.1083,Rivière-à-Claude,141
-70.5409,47.0682,places.1084,Saint-Antoine-de-l'Isle-aux-Grues,122
-69.0328,47.7853,places.1085,Saint-Pierre-de-Lamy,122
-74.0218,45.4313,places.1086,L'Île-Cadieux,120
-70.8574,45.8654,places.1087,Saint-Hilaire-de-Dorset,96
-77.4982,48.5884,places.1088,Champneuf,94
-79.2691,47.044,places.1089,Laniel,89
-62.8064,50.2894,places.1090,Baie-Johan-Beetz,84
-74.5746,46.0005,places.1091,Barkmere,81
-69.454,48.0109,places.1092,Notre-Dame-des-Sept-Douleurs,71
-71.4608,45.1253,places.1093,Saint-Venant-de-Paquette,69
-78.696,48.8076,places.1094,Languedoc,60
-72.2688,45.1678,places.1095,Saint-Benoît-du-Lac,43
-68.0969,51.7977,places.1096,Gagnon,15
-58.9688,50.8338,places.1097,La Tabatière,0
-73.1592,45.7863,places.1098,Saint-Denis,0
-64.3858,48.9926,places.1099,Rivière-au-Renard,0
-64.2113,48.8659,places.1100,Cap-des-Rosiers,0
-70.1449,47.3159,places.1101,Village-des-Aulnaies,0
-70.3664,47.1317,places.1102,L'Islet-sur-Mer,0
-64.4453,49.0306,places.1103,Petit-Cap,0
-57.2018,51.4122,places.1104,Lourdes-de-Blanc-Sablon,0
-59.3225,50.7025,places.1105,Tête-à-la-Baleine,0
-57.243,51.4654,places.1106,Brador,0
-72.7924,46.3694,places.1107,Saint-Thomas-de-Caxton,0
-59.6175,50.4677,places.1108,Chevery,0
-71.131,46.175,places.1109,Broughton Station,0
-70.3318,47.0905,places.1110,Saint-Eugène,0
-71.2537,46.1546,places.1111,Pontbriand,0
-71.2153,46.1414,places.1112,Robertsonville,0
-57.8223,51.4245,places.1113,Vieux-Fort,0
-64.3757,48.7643,places.1114,Douglastown,0
-64.3408,48.8371,places.1115,Cap-aux-Os,0
-70.363,47.458,places.1116,Saint-Joseph-de-la-Rive,0
-71.8881,46.7105,places.1117,Notre-Dame-de-Portneuf,0
-70.3557,47.3979,places.1118,La Baleine,0
-75.7274,46.6029,places.1119,Val-Limoges,0
-61.8662,47.3775,places.1120,Cap-aux-Meules,0
-65.5447,49.2521,places.1121,Gros-Morne,0
-72.6152,46.2694,places.1122,Port-Saint-François,0
-75.5857,46.5577,places.1123,Saint-Jean-sur-le-Lac,0
-70.3813,47.4208,places.1124,Saint-Bernard-sur-Mer,0
-75.3576,46.5068,places.1125,Val-Barrette,0
-74.4552,45.2972,places.1126,Dalhousie,0
-66.6143,50.1361,places.1127,Gallix,0
-74.991,46.5144,places.1128,Sainte-Véronique,0
-71.626,46.0643,places.1129,Vianney,0
-68.3843,49.1006,places.1130,Les Buissons,0
-72.8795,46.1046,places.1131,Notre-Dame-de-Pierreville,0
-64.5673,48.8291,places.1132,Wakeham,0
-64.6009,48.834,places.1133,Sunny Bank,0
-64.5548,48.8891,places.1134,Saint-Majorique,0
-66.099,50.1916,places.1135,Moisie,0
-66.6323,50.1891,places.1136,Clarke City,0
-59.4785,50.4977,places.1137,Harrington Harbour,0
-74.8328,46.0837,places.1138,Vendée,0
-60.6763,50.213,places.1139,La Romaine,0
-61.2723,50.189,places.1140,Kegaska,0
-64.2136,48.6551,places.1141,Saint-Georges-de-Malbaie,0
-64.2753,48.6184,places.1142,Barachois,0
-64.3086,48.4744,places.1143,L'Anse-à-Beaufils,0
-74.4265,45.6247,places.1144,Saint-Philippe-d'Argenteuil,0
-74.4856,45.7377,places.1145,Pine Hill,0
-72.9942,45.6495,places.1146,Saint-Thomas-d'Aquin,0
-70.436,46.3718,places.1147,Sainte-Germaine-Station,0
-64.3276,48.4271,places.1148,Cap d'Espoir,0
-72.8981,45.6453,places.1149,Sainte-Rosalie,0
-64.4013,48.5134,places.1150,Val-d'Espoir,0
-61.7071,47.2727,places.1151,L'Île-d'Entrée,0
-74.3752,45.5673,places.1152,Carillon,0
-70.7061,46.0465,places.1153,Saint-Jean-de-la-Lande,0
-61.9069,47.371,places.1154,La Vernière,0
-61.9513,47.3725,places.1155,L'Étang du Nord,0
-61.5252,47.5594,places.1156,Grande-Entrée,0
-61.9002,47.4037,places.1157,Fatima,0
-61.93,47.2226,places.1158,Bassin,0
-61.7959,47.4036,places.1159,Havre-aux-Maisons,0
-70.5441,46.254,places.1160,Morisset-Station,0
-74.6316,45.6499,places.1161,Calumet,0
-79.1478,49.0969,places.1162,Villebois,0
-64.9009,50.2652,places.1163,Sheldrake,0
-70.0606,46.5897,places.1164,Daaquam,0
-72.3388,46.8291,places.1165,Montauban-les-Mines,0
-71.2006,46.0779,places.1166,Sainte-Anne-du-Lac,0
-64.306,48.9339,places.1167,L'Anse-au-Griffon,0
-71.1764,46.1335,places.1168,Sacré-Cœur-de-Marie,0
-71.1825,46.0075,places.1169,Saint-Daniel,0
-64.5,50.3079,places.1170,Magpie,0
-71.4185,46.0086,places.1171,Vimy-Ridge,0
-64.4767,49.0518,places.1172,Saint-Maurice-de-l'Échouerie,0
-79.2366,49.039,places.1173,Beaucanton,0
-64.8577,48.1949,places.1174,Gascons,0
-64.6088,48.3617,places.1175,Pabos,0
-64.7427,48.2682,places.1176,Newport,0
-64.623,48.3821,places.1177,Saint-François-de-Pabos,0
-78.9027,53.7861,places.1178,ᒋᓵᓰᐲ Chisasibi,0
-74.1274,45.4824,places.1179,Ka’neshatà:ke,0
-76.0665,53.6995,places.1180,Sakami,0
-79.2911,49.1548,places.1181,Val-Paradis,0
-72.0406,46.5927,places.1182,Grondines,0
-69.9947,47.7374,places.1183,Saint-Fidèle,0
-66.4072,49.1608,places.1184,Tourelle,0
-79.1513,48.1099,places.1185,Beaudry,0
-78.8645,48.3646,places.1186,Cléricy,0
-78.3855,48.225,places.1187,Cadillac,0
-79.2446,47.9137,places.1188,Rollet,0
-77.4589,47.5394,places.1189,Kitcisakik,0
-76.7005,47.5033,places.1190,Lac-Barrière,0
-79.1303,48.2406,places.1191,Évain,0
-74.6185,47.9195,places.1192,Parent,0
-72.7442,47.5851,places.1193,La Croche,0
-71.5678,45.3382,places.1194,Sawyerville,0
-79.2371,47.549,places.1195,Angliers,0
-69.4552,47.7892,places.1196,Rivière-Verte,0
-71.8865,45.7977,places.1197,Trois-Lacs,0
-72.1423,45.0079,places.1198,Beebe,0
-67.4718,48.7965,places.1199,Saint-Luc-de-Matane,0
-72.1672,48.4372,places.1200,Val Jalbert,0
-67.4479,48.8678,places.1201,Petit-Matane,0
-79.0445,46.7559,places.1202,Tee Lake,0
-79.0665,46.7375,places.1203,Letang,0
-72.4119,48.7279,places.1204,Saint-Méthode,0
-78.7171,48.3706,places.1205,Mont-Brun,0
-71.8828,45.1074,places.1206,Barnston,0
-70.2675,47.663,places.1207,Sainte-Agnès-de-Charlevoix,0
-77.9333,48.229,places.1208,Vassan,0
-71.39,45.6914,places.1209,Fontainebleau,0
-68.7112,48.3721,places.1210,Le Bic,0
-68.4609,48.3621,places.1211,Sainte-Blandine,0
-68.5126,48.4755,places.1212,Rimouski-Est,0
-79.1427,48.749,places.1213,Colombourg,0
-71.7511,45.3318,places.1214,Johnville,0
-78.9095,48.2122,places.1215,McWatters,0
-79.2546,48.1995,places.1216,Arntfield,0
-68.3468,48.5289,places.1217,Luceville,0
-79.1501,48.0117,places.1218,Cloutier,0
-78.941,48.0989,places.1219,Bellecombe,0
-79.0166,48.3621,places.1220,D'Alembert,0
-78.953,48.459,places.1221,Destor,0
-71.7985,45.0126,places.1222,Stanhope,0
-77.6553,48.1852,places.1223,Val-Senneville,0
-77.9472,48.1133,places.1224,Dubuisson,0
-77.3808,48.07,places.1225,Louvicourt,0
-77.824,48.2001,places.1226,Saint-Edmond-de-Vassan,0
-77.8349,48.1259,places.1227,Sullivan,0
-76.7676,45.8695,places.1228,Davidson,0
-72.1359,46.1429,places.1229,Defoy,0
-68.9998,47.466,places.1230,Pied-du-Lac,0
-76.4161,45.5182,places.1231,Norway Bay,0
-72.2743,46.4026,places.1232,Gentilly,0
-72.6619,45.1762,places.1233,West Brome,0
-72.5085,45.2192,places.1234,Knowlton,0
-72.7853,45.2801,places.1235,Adamsville,0
-72.5116,46.2715,places.1236,Saint-Grégoire,0
-71.3753,48.3419,places.1237,Saint-Cyriac,0
-71.3591,48.3405,places.1238,Lac-Kénogami,0
-73.8882,45.0521,places.1239,Saint-Antoine-Abbé,0
-72.7408,46.6918,places.1240,Saint-Jean-des-Piles,0
-72.8169,46.6027,places.1241,Saint-Gérard-des-Laurentides,0
-72.4701,46.853,places.1242,Hervey-Jonction,0
-70.8461,48.1817,places.1243,Ferland,0
-66.2241,48.112,places.1244,Saint-Omer,0
-74.3702,45.0867,places.1245,Cazaville,0
-72.5503,45.9743,places.1246,Saint-Joachim-de-Courval,0
-73.4301,45.8963,places.1247,Saint-Gérard-Majella,0
-74.6078,45.012,places.1248,Snye / Tsi Snaíhne,0
-70.1059,47.6627,places.1249,Cap-à-l'Aigle,0
-68.529,48.3914,places.1250,Sainte-Odile-sur-Rimouski,0
-72.2736,46.3006,places.1251,Sainte-Gertrude,0
-75.4168,45.5865,places.1252,Buckingham,0
-75.4917,45.5241,places.1253,Angers,0
-76.0145,45.5326,places.1254,Luskville,0
-76.5488,47.0326,places.1255,Maigan Agik,0
-72.1633,46.4657,places.1256,Sainte-Cécile-de-Lévrard,0
-73.6773,45.4151,places.1257,Kahnawá:ke,0
-73.0772,45.0398,places.1258,Philipsburg,0
-68.7964,47.6136,places.1259,Notre-Dame-du-Lac,0
-76.0372,45.6402,places.1260,Sainte-Cécile-de-Masham,0
-75.9293,45.64,places.1261,Wakefield,0
-69.1522,47.4554,places.1262,Sully,0
-69.2822,47.4879,places.1263,Saint-Éleuthère,0
-71.6964,48.6323,places.1264,Saint-Coeur-de-Marie,0
-75.8926,45.6028,places.1265,Farm Point,0
-72.402,46.2918,places.1266,Précieux-Sang,0
-71.8719,48.4292,places.1267,Métabetchouan,0
-75.718,45.6845,places.1268,Saint-Pierre de Wakefield,0
-75.7098,45.785,places.1269,Poltimore,0
-72.5104,46.3338,places.1270,Sainte-Angèle,0
-75.4165,45.5445,places.1271,Masson,0
-66.7012,48.0136,places.1272,Listuguj,0
-71.412,45.7581,places.1273,Saint-Gérard,0
